timestamp,x,y
1687005732.702225,141,1509
1687005732.7182732,141,1509
1687005732.7339957,142,1510
1687005732.7499783,142,1510
1687005732.765258,142,1510
1687005732.780925,142,1510
1687005732.7970257,142,1510
1687005732.812317,142,1510
1687005732.8278217,142,1510
1687005732.8432662,142,1511
1687005732.858484,142,1512
1687005732.874464,142,1512
1687005732.8901298,142,1512
1687005732.9062045,142,1512
1687005732.9216788,143,1512
1687005732.9370894,143,1512
1687005732.9527936,144,1512
1687005732.96854,144,1512
1687005732.9835076,145,1512
1687005732.998899,145,1512
1687005733.0146353,145,1512
1687005733.0307984,219,1311
1687005733.0460606,219,1311
1687005733.0621634,351,840
1687005733.077763,351,840
1687005733.0931325,423,701
1687005733.1082451,423,701
1687005733.123987,423,701
1687005733.139109,425,435
1687005733.1547363,422,401
1687005733.1708288,422,401
1687005733.186311,417,370
1687005733.202601,417,370
1687005733.2177308,399,348
1687005733.2329772,399,348
1687005733.2479546,357,328
1687005733.2634308,357,328
1687005733.2792292,298,308
1687005733.2942863,298,308
1687005733.309628,249,293
1687005733.3246152,249,293
1687005733.340349,249,293
1687005733.3560112,231,286
1687005733.3719885,231,286
1687005733.387092,223,283
1687005733.402954,223,283
1687005733.4188032,217,278
1687005733.4340434,217,278
1687005733.449696,209,271
1687005733.4655478,209,271
1687005733.4815888,210,268
1687005733.497651,210,268
1687005733.5126264,216,265
1687005733.5279825,216,265
1687005733.5435462,216,265
1687005733.5592375,234,259
1687005733.5750906,234,259
1687005733.590333,255,255
1687005733.6067102,255,255
1687005733.621941,274,250
1687005733.6376767,274,250
1687005733.6531382,309,248
1687005733.668587,309,248
1687005733.6837225,327,247
1687005733.6988564,327,247
1687005733.7144096,327,247
1687005733.730456,335,245
1687005733.74559,335,245
1687005733.7611916,352,242
1687005733.7771678,352,242
1687005733.792759,383,238
1687005733.8084135,383,238
1687005733.8234038,411,235
1687005733.8391392,411,235
1687005733.854825,482,229
1687005733.8706298,482,229
1687005733.886809,556,211
1687005733.902978,556,211
1687005733.9175777,596,198
1687005733.934147,596,198
1687005733.950066,620,195
1687005733.965636,620,195
1687005733.981869,637,188
1687005733.9969194,637,188
1687005734.0121033,652,178
1687005734.028383,652,178
1687005734.0436065,652,178
1687005734.0596292,666,169
1687005734.075238,666,169
1687005734.0909796,779,143
1687005734.1061018,779,143
1687005734.1223602,862,120
1687005734.1379466,862,120
1687005734.1530313,900,109
1687005734.1684287,900,109
1687005734.183625,939,100
1687005734.198881,939,100
1687005734.213909,959,94
1687005734.2293763,959,94
1687005734.2441566,959,94
1687005734.2606354,974,92
1687005734.2756221,974,92
1687005734.2907789,981,91
1687005734.306507,981,91
1687005734.3219473,986,89
1687005734.338133,986,89
1687005734.3530083,994,85
1687005734.3689268,994,85
1687005734.3844252,1095,60
1687005734.4002037,1095,60
1687005734.4163768,1189,32
1687005734.4324262,1189,32
1687005734.4479396,1232,22
1687005734.4641666,1232,22
1687005734.4798203,1304,12
1687005734.4958248,1304,12
1687005734.510936,1304,12
1687005734.5271435,1335,15
1687005734.5428393,1335,15
1687005734.5587115,1342,16
1687005734.5747292,1342,16
1687005734.5903301,1345,16
1687005734.6062644,1345,16
1687005734.6218069,1349,16
1687005734.636968,1349,16
1687005734.6532376,1363,14
1687005734.668319,1363,14
1687005734.6842587,1399,13
1687005734.7003758,1399,13
1687005734.7154973,1438,9
1687005734.7311082,1438,9
1687005734.7470417,1494,6
1687005734.7626684,1494,6
1687005734.7782388,1494,6
1687005734.7938304,1541,3
1687005734.809373,1541,3
1687005734.824647,1565,3
1687005734.839993,1565,3
1687005734.8555386,1583,2
1687005734.8710165,1583,2
1687005734.8870022,1606,1
1687005734.9024947,1606,1
1687005734.9180956,1618,1
1687005734.9342437,1618,1
1687005734.9499645,1628,1
1687005734.9652603,1628,1
1687005734.9805598,1662,0
1687005734.9963915,1662,0
1687005735.0119052,1662,0
1687005735.0276668,1775,0
1687005735.0432687,1775,0
1687005735.0589511,1815,0
1687005735.0744343,1815,0
1687005735.0903769,1845,0
1687005735.105674,1845,0
1687005735.1214702,1877,0
1687005735.1367257,1877,0
1687005735.1527617,1890,0
1687005735.168441,1890,0
1687005735.1842573,1894,0
1687005735.19962,1894,0
1687005735.2150364,1896,0
1687005735.230398,1896,0
1687005735.2455022,1896,0
1687005735.2609293,1898,0
1687005735.2765312,1898,0
1687005735.2916458,1904,0
1687005735.3070016,1904,0
1687005735.3222132,1931,0
1687005735.337622,1931,0
1687005735.352603,1959,0
1687005735.3675928,1959,0
1687005735.3826315,1977,0
1687005735.3984308,1977,0
1687005735.4145844,1990,0
1687005735.4308424,1990,0
1687005735.4465928,2009,1
1687005735.4620237,2009,1
1687005735.4768841,2009,1
1687005735.492438,2020,4
1687005735.5081975,2020,4
1687005735.5235283,2031,7
1687005735.5391448,2031,7
1687005735.5542965,2101,26
1687005735.5706036,2101,26
1687005735.5856845,2172,27
1687005735.6016197,2172,27
1687005735.6175845,2221,25
1687005735.6331177,2221,25
1687005735.6493304,2257,19
1687005735.6644661,2257,19
1687005735.6805737,2275,19
1687005735.6965694,2275,19
1687005735.7115657,2275,19
1687005735.7276793,2294,19
1687005735.7430902,2294,19
1687005735.7590861,2200,23
1687005735.7750459,2200,23
1687005735.7910287,2163,27
1687005735.8070333,1399,231
1687005735.8230484,1399,231
1687005735.8385663,1399,231
1687005735.8537693,605,420
1687005735.8697684,605,420
1687005735.885157,516,424
1687005735.9011197,516,424
1687005735.91612,426,428
1687005735.9321573,426,428
1687005735.947787,380,435
1687005735.9630597,380,435
1687005735.9780946,351,436
1687005735.9941137,351,436
1687005736.009744,351,436
1687005736.0252767,343,433
1687005736.0409856,343,433
1687005736.0565472,339,428
1687005736.0725994,339,428
1687005736.0887804,331,422
1687005736.1039083,331,422
1687005736.1190186,325,413
1687005736.1353157,325,413
1687005736.150801,336,388
1687005736.1662052,336,388
1687005736.1822305,350,361
1687005736.1984463,350,361
1687005736.213386,350,361
1687005736.2292848,371,328
1687005736.2453861,371,328
1687005736.261607,400,289
1687005736.2771416,400,289
1687005736.293017,413,273
1687005736.3083265,413,273
1687005736.3248308,549,247
1687005736.339853,549,247
1687005736.3562038,608,237
1687005736.371897,608,237
1687005736.386769,638,232
1687005736.4020822,638,232
1687005736.4181736,658,232
1687005736.433367,658,232
1687005736.4494326,672,234
1687005736.4646316,672,234
1687005736.4800622,672,234
1687005736.4957201,816,243
1687005736.5114148,816,243
1687005736.5271606,1035,252
1687005736.5425408,1035,252
1687005736.5585604,1080,254
1687005736.5739639,1080,254
1687005736.5899012,1111,249
1687005736.605595,1111,249
1687005736.6218674,1141,243
1687005736.637329,1141,243
1687005736.6528356,1144,242
1687005736.668983,1144,242
1687005736.6840954,1145,242
1687005736.6998475,1145,242
1687005736.714518,1145,242
1687005736.7296455,1146,243
1687005736.7449954,1146,243
1687005736.7602246,1147,243
1687005736.7759109,1147,243
1687005736.790929,1151,242
1687005736.806482,1151,242
1687005736.8227298,1275,223
1687005736.838319,1275,223
1687005736.854101,1338,214
1687005736.870176,1338,214
1687005736.8861115,1363,212
1687005736.9021697,1363,212
1687005736.9184527,1383,214
1687005736.9340062,1383,214
1687005736.9499054,1396,215
1687005736.9660683,1396,215
1687005736.9811623,1396,215
1687005736.9961593,1407,214
1687005737.0109367,1407,214
1687005737.0262694,1424,208
1687005737.0414703,1424,208
1687005737.0570047,1482,204
1687005737.0725384,1482,204
1687005737.0881834,1570,182
1687005737.103668,1570,182
1687005737.1191933,1648,156
1687005737.1347656,1648,156
1687005737.1498346,1680,144
1687005737.1646287,1680,144
1687005737.180682,1680,144
1687005737.196715,1701,136
1687005737.2116904,1701,136
1687005737.2274816,1701,136
1687005737.2433023,1701,136
1687005737.259371,1724,133
1687005737.274736,1740,126
1687005737.2904599,1755,113
1687005737.3059626,1755,113
1687005737.321878,1776,103
1687005737.3379989,1776,103
1687005737.3528047,1804,99
1687005737.368451,1804,99
1687005737.3837626,1838,91
1687005737.3989663,1838,91
1687005737.4143112,1854,88
1687005737.4294477,1854,88
1687005737.44424,1854,88
1687005737.4603474,1869,80
1687005737.4756594,1869,80
1687005737.4907799,1871,77
1687005737.5065727,1871,77
1687005737.5217628,1871,75
1687005737.537429,1871,75
1687005737.5527344,1869,74
1687005737.568139,1869,74
1687005737.583285,1862,74
1687005737.599085,1862,74
1687005737.6142185,1855,77
1687005737.6299098,1855,77
1687005737.6447034,1855,77
1687005737.660875,1854,77
1687005737.676035,1854,77
1687005737.6914828,1855,74
1687005737.7075145,1855,74
1687005737.7225547,1860,70
1687005737.7378027,1860,70
1687005737.753663,1874,68
1687005737.7692692,1874,68
1687005737.7846174,1921,63
1687005737.8002784,1921,63
1687005737.8166013,1921,63
1687005737.8321648,1966,59
1687005737.8480103,1966,59
1687005737.8631883,2011,56
1687005737.878633,2011,56
1687005737.895013,2044,52
1687005737.910848,2044,52
1687005737.9260736,2069,47
1687005737.9419706,2069,47
1687005737.957031,2073,44
1687005737.9722652,2073,44
1687005737.9883535,2121,32
1687005738.0039682,2121,32
1687005738.0196815,2170,22
1687005738.0351877,2170,22
1687005738.0509224,2201,18
1687005738.0667596,2201,18
1687005738.082204,2201,18
1687005738.0981197,2227,17
1687005738.1137307,2227,17
1687005738.1289155,2246,15
1687005738.1443899,2246,15
1687005738.1598706,2263,14
1687005738.1757858,2263,14
1687005738.1914113,2285,15
1687005738.207231,2285,15
1687005738.223723,2305,14
1687005738.239085,2305,14
1687005738.2548342,2326,16
1687005738.2697818,2326,16
1687005738.285765,2346,14
1687005738.301241,2346,14
1687005738.3163986,2357,16
1687005738.3316782,2357,16
1687005738.3472936,2357,16
1687005738.3633492,2364,16
1687005738.3790433,2364,16
1687005738.3945048,2366,15
1687005738.410087,2366,15
1687005738.4264762,2050,27
1687005738.4416003,2050,27
1687005738.45767,866,131
1687005738.4727943,866,131
1687005738.4888499,359,145
1687005738.5039632,359,145
1687005738.5193138,319,146
1687005738.5348392,319,146
1687005738.5508673,290,157
1687005738.56561,290,157
1687005738.5816367,290,157
1687005738.596867,268,166
1687005738.6120563,268,166
1687005738.6280842,225,198
1687005738.6436043,225,198
1687005738.659616,223,204
1687005738.6754575,223,204
1687005738.6905706,231,210
1687005738.7064805,231,210
1687005738.721882,246,210
1687005738.736621,246,210
1687005738.7525332,257,211
1687005738.7676528,257,211
1687005738.7833972,266,216
1687005738.799097,266,216
1687005738.8140628,266,216
1687005738.829236,286,225
1687005738.8449547,286,225
1687005738.8602595,334,233
1687005738.876165,334,233
1687005738.8917239,374,238
1687005738.9071815,374,238
1687005738.9228997,414,251
1687005738.9380403,414,251
1687005738.9535046,437,257
1687005738.9697862,437,257
1687005738.9846826,457,261
1687005739.0007565,457,261
1687005739.0163682,475,264
1687005739.0319006,475,264
1687005739.0468473,487,265
1687005739.062777,487,265
1687005739.0778162,487,265
1687005739.0924447,512,268
1687005739.1077309,512,268
1687005739.123433,525,270
1687005739.1387682,525,270
1687005739.154288,552,272
1687005739.1702895,552,272
1687005739.1862876,642,282
1687005739.201654,642,282
1687005739.2177086,710,294
1687005739.2336013,710,294
1687005739.2492583,756,303
1687005739.2652223,756,303
1687005739.2812266,785,306
1687005739.2972276,785,306
1687005739.3122275,807,304
1687005739.3282273,807,304
1687005739.3442235,841,304
1687005739.3595736,841,304
1687005739.3756936,841,304
1687005739.391698,916,293
1687005739.4074965,916,293
1687005739.423444,979,282
1687005739.4394555,979,282
1687005739.455225,1020,277
1687005739.4707847,1020,277
1687005739.486036,1043,272
1687005739.5019693,1043,272
1687005739.517508,1090,261
1687005739.5337527,1090,261
1687005739.549347,1170,245
1687005739.5653439,1170,245
1687005739.5806787,1224,236
1687005739.5966349,1224,236
1687005739.6120644,1224,236
1687005739.6280293,1257,234
1687005739.6434042,1257,234
1687005739.6589231,1273,228
1687005739.67443,1273,228
1687005739.690793,1289,213
1687005739.7057943,1289,213
1687005739.7218835,1299,202
1687005739.737274,1299,202
1687005739.7525928,1299,202
1687005739.767652,1299,202
1687005739.7827876,1299,202
1687005739.7979083,1299,202
1687005739.81321,1299,202
1687005739.8285534,1299,202
1687005739.8441417,1299,202
1687005739.8599763,1299,202
1687005739.8755414,1299,202
1687005739.891039,1299,202
1687005739.9067025,1299,202
1687005739.9227414,1299,202
1687005739.9384377,1299,202
1687005739.954092,1299,202
1687005739.969418,1299,202
1687005739.985088,1299,202
1687005740.0008965,1305,198
1687005740.016022,1308,197
1687005740.031201,1308,197
1687005740.0463722,1329,196
1687005740.0618896,1329,196
1687005740.0780556,1329,196
1687005740.092844,1329,196
1687005740.1082249,1329,196
1687005740.1234512,1415,188
1687005740.138751,1819,133
1687005740.1544487,1819,133
1687005740.1691458,1821,133
1687005740.1855779,1870,131
1687005740.2010376,1870,131
1687005740.2165265,1945,125
1687005740.2326047,1945,125
1687005740.2484167,1945,125
1687005740.26434,1997,118
1687005740.2795289,1997,118
1687005740.2955854,1997,118
1687005740.3112333,2025,118
1687005740.3267395,2045,119
1687005740.3418941,2045,119
1687005740.3578153,2070,123
1687005740.3735912,2070,123
1687005740.388797,2134,120
1687005740.404458,2134,120
1687005740.4206643,2134,120
1687005740.436343,2188,122
1687005740.4520738,2188,122
1687005740.4670968,2212,117
1687005740.482594,2212,117
1687005740.4978194,2220,115
1687005740.5130222,2220,115
1687005740.5289588,2229,111
1687005740.5445595,2229,111
1687005740.5603065,2252,106
1687005740.5761693,2252,106
1687005740.5920641,2252,106
1687005740.606861,2306,104
1687005740.6226196,2306,104
1687005740.6384146,2353,104
1687005740.654458,2370,102
1687005740.6700084,2370,102
1687005740.6855552,2382,99
1687005740.7007103,2382,99
1687005740.716566,2389,98
1687005740.7317,2389,98
1687005740.74763,2389,98
1687005740.7633696,2399,98
1687005740.7790315,2399,98
1687005740.7942326,2396,99
1687005740.809635,2396,99
1687005740.8254871,1599,159
1687005740.8413765,1599,159
1687005740.8568544,1327,183
1687005740.8719776,1327,183
1687005740.8879495,1213,203
1687005740.902971,1213,203
1687005740.9183283,1167,214
1687005740.9346523,1167,214
1687005740.9499004,1134,221
1687005740.9655316,1134,221
1687005740.9818265,1109,226
1687005740.9970896,1109,226
1687005741.0125892,1109,226
1687005741.0283701,1086,234
1687005741.0433667,1086,234
1687005741.059066,1076,242
1687005741.074425,1076,242
1687005741.0902445,1058,254
1687005741.105987,1058,254
1687005741.1223557,1058,257
1687005741.1379297,1058,257
1687005741.153504,1060,258
1687005741.1696603,1060,258
1687005741.184784,1063,262
1687005741.2008593,1063,262
1687005741.2165563,1070,266
1687005741.2317197,1070,266
1687005741.2468278,1079,270
1687005741.2621176,1079,270
1687005741.2777388,1079,270
1687005741.2936125,1093,274
1687005741.3087797,1093,274
1687005741.3240213,1218,275
1687005741.3394215,1218,275
1687005741.3546555,1287,263
1687005741.370866,1287,263
1687005741.3860915,1356,257
1687005741.4018996,1356,257
1687005741.4178557,1384,254
1687005741.433627,1384,254
1687005741.4496255,1403,247
1687005741.4651997,1403,247
1687005741.4806242,1419,242
1687005741.495969,1419,242
1687005741.5115905,1419,242
1687005741.5270684,1433,236
1687005741.5422168,1433,236
1687005741.5578384,1446,225
1687005741.5734696,1446,225
1687005741.5888216,1532,213
1687005741.604073,1532,213
1687005741.6192882,1592,213
1687005741.6348286,1592,213
1687005741.6503966,1642,197
1687005741.665949,1642,197
1687005741.6820676,1642,197
1687005741.6973464,1674,183
1687005741.7128463,1674,183
1687005741.728383,1710,182
1687005741.7435822,1710,182
1687005741.7589135,1722,183
1687005741.7752082,1722,183
1687005741.7903333,1727,183
1687005741.8063397,1727,183
1687005741.8215575,1727,184
1687005741.8377066,1727,184
1687005741.8532786,1006,343
1687005741.8685417,1006,343
1687005741.8847136,590,447
1687005741.8999908,590,447
1687005741.9151006,550,469
1687005741.93093,550,469
1687005741.946757,550,469
1687005741.962176,505,503
1687005741.9774933,505,503
1687005741.9934924,469,525
1687005742.0086117,469,525
1687005742.0243545,456,533
1687005742.0398116,456,533
1687005742.0556068,386,545
1687005742.071573,386,545
1687005742.0869057,331,566
1687005742.1023946,331,566
1687005742.1176207,275,593
1687005742.1332502,275,593
1687005742.1489282,275,593
1687005742.164853,265,600
1687005742.1796565,265,600
1687005742.195333,261,601
1687005742.2110121,261,601
1687005742.226196,257,602
1687005742.2421882,257,602
1687005742.257931,252,604
1687005742.273695,252,604
1687005742.290066,241,605
1687005742.3061266,241,605
1687005742.3214781,245,605
1687005742.3372667,245,605
1687005742.3531322,908,482
1687005742.3686533,908,482
1687005742.3843074,1340,324
1687005742.3994694,1340,324
1687005742.4145613,1340,324
1687005742.4295907,1417,250
1687005742.4452605,1417,250
1687005742.4612925,1495,197
1687005742.4767332,1495,197
1687005742.4932594,1539,178
1687005742.509058,1539,178
1687005742.5254226,1566,164
1687005742.540415,1566,164
1687005742.5559342,1591,154
1687005742.5714896,1591,154
1687005742.5874782,1748,121
1687005742.6025698,1748,121
1687005742.6181152,1854,104
1687005742.6341207,1854,104
1687005742.6492567,1882,97
1687005742.6649837,1882,97
1687005742.6809845,1882,97
1687005742.6968832,1888,94
1687005742.71216,1888,94
1687005742.728159,1899,91
1687005742.7441633,1899,91
1687005742.7600489,1902,89
1687005742.7760344,1902,89
1687005742.7920315,1911,87
1687005742.8080306,1911,87
1687005742.824031,1939,81
1687005742.8390548,1939,81
1687005742.8551004,1987,81
1687005742.8711154,1987,81
1687005742.8871138,2017,77
1687005742.9024286,2017,77
1687005742.9184177,2040,74
1687005742.9340913,2040,74
1687005742.9501052,2087,74
1687005742.9656875,2087,74
1687005742.9811583,2130,76
1687005742.9971461,2130,76
1687005743.012611,2130,76
1687005743.0281706,2166,78
1687005743.043762,2166,78
1687005743.0595274,2203,72
1687005743.0749514,2203,72
1687005743.0907643,2220,70
1687005743.1066356,2220,70
1687005743.123089,2259,66
1687005743.1384773,2259,66
1687005743.1546772,2308,60
1687005743.1703029,2308,60
1687005743.1853938,2308,60
1687005743.2006717,2339,59
1687005743.2170818,2339,59
1687005743.2320046,2379,54
1687005743.2471478,2379,54
1687005743.2630734,2387,53
1687005743.2789392,2387,53
1687005743.2942817,2050,60
1687005743.3099353,2050,60
1687005743.325141,1329,148
1687005743.3410735,1329,148
1687005743.3561769,1215,175
1687005743.3722644,1215,175
1687005743.3878036,1146,194
1687005743.4034894,1146,194
1687005743.4186182,1146,194
1687005743.4338593,1114,203
1687005743.4497728,1114,203
1687005743.4659128,1083,212
1687005743.4807467,1083,212
1687005743.496072,1049,232
1687005743.5116947,1049,232
1687005743.527319,1034,245
1687005743.543001,1034,245
1687005743.558955,1033,248
1687005743.5742424,1033,248
1687005743.5904684,1036,249
1687005743.60561,1036,249
1687005743.6214356,1047,252
1687005743.6373026,1047,252
1687005743.6526887,1070,256
1687005743.6680427,1070,256
1687005743.6835978,1185,259
1687005743.699581,1185,259
1687005743.7152827,1185,259
1687005743.7314928,1298,258
1687005743.7466276,1346,256
1687005743.7621257,1346,256
1687005743.7772253,1346,256
1687005743.7924201,1385,255
1687005743.8078482,1385,255
1687005743.8229802,1396,254
1687005743.8389878,1396,254
1687005743.854844,1408,251
1687005743.8704503,1408,251
1687005743.8864653,1424,249
1687005743.9028928,1424,249
1687005743.9181173,1434,249
1687005743.9337173,1434,249
1687005743.949086,1446,254
1687005743.9643536,1446,254
1687005743.9799435,1456,295
1687005743.9960036,1456,295
1687005744.01112,1456,295
1687005744.027308,1287,471
1687005744.042996,1287,471
1687005744.0581481,661,781
1687005744.0741053,661,781
1687005744.0896266,574,820
1687005744.1055923,574,820
1687005744.1212938,523,816
1687005744.1365807,523,816
1687005744.1527364,484,814
1687005744.1676238,484,814
1687005744.1836934,465,799
1687005744.1986654,465,799
1687005744.2148302,383,773
1687005744.229964,383,773
1687005744.2451544,383,773
1687005744.2610738,323,752
1687005744.2769208,323,752
1687005744.2923787,297,742
1687005744.3076396,297,742
1687005744.3239129,283,731
1687005744.339121,283,731
1687005744.3547719,269,723
1687005744.370433,269,723
1687005744.3863409,269,720
1687005744.401593,269,720
1687005744.4177241,348,702
1687005744.4330468,348,702
1687005744.4478538,435,689
1687005744.4630451,435,689
1687005744.478949,435,689
1687005744.4954028,492,681
1687005744.5110698,492,681
1687005744.5275064,528,674
1687005744.5435567,528,674
1687005744.5594678,556,668
1687005744.5751948,556,668
1687005744.5903306,736,657
1687005744.605728,736,657
1687005744.6219857,772,655
1687005744.6381211,772,655
1687005744.6536498,806,649
1687005744.6695385,806,649
1687005744.6852145,842,646
1687005744.7006004,842,646
1687005744.7169867,859,640
1687005744.7322252,859,640
1687005744.7477393,859,640
1687005744.7630544,975,630
1687005744.7782748,975,630
1687005744.7948136,1044,613
1687005744.8107014,1044,613
1687005744.8269165,1097,602
1687005744.8427334,1097,602
1687005744.8590655,1127,593
1687005744.8745837,1127,593
1687005744.890067,1142,590
1687005744.9055724,1142,590
1687005744.9217975,1152,589
1687005744.937542,1152,589
1687005744.953203,1162,588
1687005744.9683387,1162,588
1687005744.9833589,1166,587
1687005744.9990544,1166,587
1687005745.0142405,1166,587
1687005745.0298634,1171,586
1687005745.0451257,1171,586
1687005745.0602143,1173,585
1687005745.0755522,1173,585
1687005745.0911424,1213,586
1687005745.1063712,1213,586
1687005745.1222703,1303,590
1687005745.1387074,1303,590
1687005745.153696,1373,601
1687005745.1699457,1373,601
1687005745.1848156,1409,602
1687005745.2004445,1409,602
1687005745.2158353,1445,595
1687005745.2320898,1445,595
1687005745.2472355,1445,595
1687005745.2623909,1475,594
1687005745.2772312,1475,594
1687005745.2936409,1497,589
1687005745.308547,1497,589
1687005745.32409,1532,575
1687005745.3399372,1532,575
1687005745.3545797,1615,554
1687005745.3702028,1615,554
1687005745.3854692,1646,546
1687005745.4012177,1646,546
1687005745.4164865,1646,546
1687005745.4325533,1679,516
1687005745.4478774,1709,503
1687005745.4630115,1709,503
1687005745.4789855,1709,503
1687005745.4944227,1809,489
1687005745.5097861,1809,489
1687005745.526053,1899,470
1687005745.5413554,1899,470
1687005745.5569272,1926,468
1687005745.572481,1926,468
1687005745.5875976,1957,465
1687005745.603188,1957,465
1687005745.6194122,1978,460
1687005745.6348684,1978,460
1687005745.650076,1995,460
1687005745.6657114,1995,460
1687005745.681307,1995,460
1687005745.6964211,2013,461
1687005745.7119124,2013,461
1687005745.7274745,2062,465
1687005745.7425842,2062,465
1687005745.7581005,2132,474
1687005745.7735445,2132,474
1687005745.7889879,2177,477
1687005745.8040514,2177,477
1687005745.8202212,2218,475
1687005745.8358803,2218,475
1687005745.8513765,2232,474
1687005745.8669846,2232,474
1687005745.8819876,2232,474
1687005745.897687,2253,473
1687005745.9133172,2253,473
1687005745.928505,2294,476
1687005745.9439442,2294,476
1687005745.9594202,2332,479
1687005745.9752214,2332,479
1687005745.9913082,2347,476
1687005746.0069828,2347,476
1687005746.0228832,2360,475
1687005746.0381486,2360,475
1687005746.0539238,2373,478
1687005746.0695841,2373,478
1687005746.0855837,2400,483
1687005746.1017323,2400,483
1687005746.1176991,2427,486
1687005746.1338046,2427,486
1687005746.1499126,2458,487
1687005746.1654654,2458,487
1687005746.1813686,2481,496
1687005746.1973522,2481,496
1687005746.2133517,2496,499
1687005746.2292438,2496,499
1687005746.2442422,2496,499
1687005746.2602456,2475,469
1687005746.276279,2475,469
1687005746.291717,1706,309
1687005746.3068974,1706,309
1687005746.3230112,1405,265
1687005746.3380036,1405,265
1687005746.353549,1359,245
1687005746.369088,1359,245
1687005746.3848562,1319,218
1687005746.4008622,1319,218
1687005746.4163496,1291,209
1687005746.4317358,1291,209
1687005746.4470024,1206,176
1687005746.4626734,1206,176
1687005746.4783845,1206,176
1687005746.4945357,1166,163
1687005746.5097675,1166,163
1687005746.5253532,1138,153
1687005746.5405734,1138,153
1687005746.5561602,1107,151
1687005746.5713048,1107,151
1687005746.5870342,1089,150
1687005746.6032999,1089,150
1687005746.618537,1076,152
1687005746.6338282,1076,152
1687005746.649381,1066,153
1687005746.6650503,1066,153
1687005746.6801233,978,149
1687005746.6960697,978,149
1687005746.7116804,978,149
1687005746.726894,895,140
1687005746.7427247,895,140
1687005746.7584362,821,141
1687005746.7746263,821,141
1687005746.7897077,788,143
1687005746.805077,788,143
1687005746.82144,769,141
1687005746.8367624,769,141
1687005746.8523755,752,140
1687005746.8680832,752,140
1687005746.88341,692,142
1687005746.8987207,692,142
1687005746.9143107,692,142
1687005746.9294603,640,141
1687005746.945158,640,141
1687005746.9600928,607,139
1687005746.975861,607,139
1687005746.9917643,589,141
1687005747.0077643,589,141
1687005747.0231543,579,142
1687005747.0383494,579,142
1687005747.0535736,574,144
1687005747.0693552,574,144
1687005747.085013,574,144
1687005747.1003933,576,145
1687005747.1161983,576,145
1687005747.1317258,590,148
1687005747.147534,590,148
1687005747.163489,612,150
1687005747.1788118,612,150
1687005747.1950443,635,155
1687005747.210424,635,155
1687005747.2268941,657,156
1687005747.2422872,657,156
1687005747.2577012,671,156
1687005747.273055,671,156
1687005747.2893136,668,157
1687005747.3051744,668,157
1687005747.3202884,596,167
1687005747.335861,596,167
1687005747.351509,552,170
1687005747.3668094,552,170
1687005747.3823385,502,173
1687005747.397399,502,173
1687005747.412564,475,174
1687005747.4280224,475,174
1687005747.4434674,475,174
1687005747.4589918,454,180
1687005747.4748406,454,180
1687005747.4907346,428,190
1687005747.5062485,428,190
1687005747.5219865,418,191
1687005747.5379548,418,191
1687005747.5531673,406,193
1687005747.5687826,406,193
1687005747.5840447,378,197
1687005747.6002014,378,197
1687005747.615477,349,199
1687005747.6310103,349,199
1687005747.6473522,344,198
1687005747.6626627,344,198
1687005747.6786473,344,198
1687005747.6948676,344,198
1687005747.7099924,344,198
1687005747.7259893,357,196
1687005747.7415972,357,196
1687005747.7579496,376,195
1687005747.7734451,376,195
1687005747.7886496,393,193
1687005747.8049006,393,193
1687005747.8207386,411,190
1687005747.8369796,411,190
1687005747.8520174,428,186
1687005747.8672562,428,186
1687005747.882672,540,180
1687005747.898584,540,180
1687005747.9145844,540,180
1687005747.9305854,600,175
1687005747.9465086,600,175
1687005747.9621086,633,173
1687005747.9773955,633,173
1687005747.9938364,656,170
1687005748.009349,656,170
1687005748.0248978,665,169
1687005748.0403783,665,169
1687005748.0559244,1322,203
1687005748.071933,1322,203
1687005748.088016,1961,263
1687005748.1032417,1961,263
1687005748.1191416,2087,278
1687005748.134682,2087,278
1687005748.1504543,2138,284
1687005748.1660292,2138,284
1687005748.1811547,2177,286
1687005748.196298,2177,286
1687005748.2116957,2177,286
1687005748.2270186,2188,287
1687005748.2427728,2188,287
1687005748.2586265,2196,289
1687005748.27459,2196,289
1687005748.289815,2206,294
1687005748.3056233,2206,294
1687005748.321241,2260,322
1687005748.3367078,2260,322
1687005748.352778,2307,355
1687005748.3678212,2307,355
1687005748.3836708,2307,355
1687005748.3989308,2360,382
1687005748.4140894,2378,397
1687005748.4295146,2378,397
1687005748.4445598,2378,397
1687005748.4599164,2400,407
1687005748.4756668,2400,407
1687005748.4910917,2425,415
1687005748.506396,2425,415
1687005748.5225663,2440,421
1687005748.5381343,2440,421
1687005748.5535107,2458,427
1687005748.5691462,2458,427
1687005748.584929,2472,436
1687005748.6006417,2472,436
1687005748.616169,2476,439
1687005748.6321256,2476,439
1687005748.647822,2442,447
1687005748.6630435,2442,447
1687005748.6777344,2442,447
1687005748.6938012,1134,493
1687005748.7092683,1134,493
1687005748.7245898,574,578
1687005748.740859,574,578
1687005748.7550895,541,590
1687005748.7715602,541,590
1687005748.786786,514,601
1687005748.8022962,514,601
1687005748.8180926,475,603
1687005748.833819,475,603
1687005748.8492434,405,626
1687005748.8652382,405,626
1687005748.8805065,350,648
1687005748.895776,350,648
1687005748.9114866,350,648
1687005748.9268737,327,651
1687005748.942998,327,651
1687005748.958436,344,654
1687005748.9738595,344,654
1687005748.9896002,374,662
1687005749.0057702,374,662
1687005749.0211837,412,668
1687005749.0372875,412,668
1687005749.052626,463,672
1687005749.0681934,463,672
1687005749.0831306,478,675
1687005749.0986893,478,675
1687005749.1142883,489,679
1687005749.1302323,489,679
1687005749.1455407,596,690
1687005749.1608105,596,690
1687005749.1762943,596,690
1687005749.1921923,704,702
1687005749.2072196,704,702
1687005749.2236643,750,700
1687005749.2392492,750,700
1687005749.254856,767,696
1687005749.270677,767,696
1687005749.2865918,798,698
1687005749.3024588,798,698
1687005749.318735,809,700
1687005749.3345942,809,700
1687005749.3495288,815,701
1687005749.3646605,815,701
1687005749.3803105,815,701
1687005749.3960137,995,705
1687005749.4115226,995,705
1687005749.426759,1090,699
1687005749.4425614,1090,699
1687005749.4585586,1137,689
1687005749.4739733,1137,689
1687005749.4898765,1182,684
1687005749.505974,1182,684
1687005749.5215316,1199,678
1687005749.5372171,1199,678
1687005749.5532308,1276,662
1687005749.56934,1276,662
1687005749.5853388,1340,652
1687005749.6013372,1340,652
1687005749.6163383,1379,648
1687005749.6320322,1379,648
1687005749.647696,1379,648
1687005749.6638367,1412,637
1687005749.6793978,1412,637
1687005749.6953948,1441,625
1687005749.7113798,1441,625
1687005749.7273817,1453,622
1687005749.743383,1453,622
1687005749.759392,1477,616
1687005749.774959,1477,616
1687005749.7909596,1535,609
1687005749.8065162,1535,609
1687005749.8225203,1574,600
1687005749.8385203,1574,600
1687005749.853815,1598,592
1687005749.8689995,1598,592
1687005749.8844278,1617,590
1687005749.9000895,1617,590
1687005749.9154215,1641,590
1687005749.9306252,1641,590
1687005749.9457777,1641,590
1687005749.960986,1782,579
1687005749.9767127,1782,579
1687005749.9926052,1898,559
1687005750.007863,1898,559
1687005750.0239134,1934,555
1687005750.0394669,1934,555
1687005750.0548346,1958,550
1687005750.071,1958,550
1687005750.0860624,1980,548
1687005750.1013322,1980,548
1687005750.1163504,1980,548
1687005750.1321526,1989,546
1687005750.1477544,1989,546
1687005750.163231,2020,544
1687005750.179104,2020,544
1687005750.19431,2070,546
1687005750.2094223,2070,546
1687005750.2256193,2117,549
1687005750.2415333,2117,549
1687005750.2566965,2142,545
1687005750.2724795,2142,545
1687005750.2879634,2170,539
1687005750.3035045,2170,539
1687005750.3188531,2178,539
1687005750.3349235,2178,539
1687005750.3497949,2185,538
1687005750.3650422,2185,538
1687005750.3803596,2185,538
1687005750.395647,2191,539
1687005750.411647,2191,539
1687005750.4268615,2194,539
1687005750.4427598,2194,539
1687005750.45776,2195,539
1687005750.4736762,2195,539
1687005750.4889848,2190,538
1687005750.504154,2190,538
1687005750.5199845,2154,536
1687005750.5364041,2154,536
1687005750.551861,2123,532
1687005750.5680943,2123,532
1687005750.5843196,2090,530
1687005750.599817,2090,530
1687005750.6156054,2082,527
1687005750.6307766,2082,527
1687005750.6466327,2082,527
1687005750.6619735,2105,525
1687005750.6779506,2105,525
1687005750.693839,2237,515
1687005750.7100608,2237,515
1687005750.7251337,2329,515
1687005750.7404265,2329,515
1687005750.7559085,2362,512
1687005750.7718692,2362,512
1687005750.786461,2387,512
1687005750.8018613,2387,512
1687005750.817197,2332,509
1687005750.8324537,2332,509
1687005750.8477917,1024,591
1687005750.8630033,1024,591
1687005750.8783693,1024,591
1687005750.8939497,624,677
1687005750.9094317,624,677
1687005750.925072,592,680
1687005750.9414794,592,680
1687005750.957311,576,683
1687005750.9725564,576,683
1687005750.9881785,557,689
1687005751.0043004,557,689
1687005751.0194166,541,697
1687005751.0351064,541,697
1687005751.050606,432,699
1687005751.0666654,432,699
1687005751.0820105,351,704
1687005751.097592,351,704
1687005751.1129901,306,705
1687005751.1292105,306,705
1687005751.143963,306,705
1687005751.1592054,275,707
1687005751.1752145,275,707
1687005751.1909184,266,710
1687005751.2064571,266,710
1687005751.2225118,272,715
1687005751.2380269,272,715
1687005751.2531366,305,725
1687005751.2685635,305,725
1687005751.2846894,370,735
1687005751.3005545,370,735
1687005751.315669,435,741
1687005751.331133,435,741
1687005751.346448,435,741
1687005751.3619466,478,740
1687005751.377949,478,740
1687005751.3933003,497,741
1687005751.4089577,497,741
1687005751.4251764,669,743
1687005751.4408522,669,743
1687005751.4563975,772,747
1687005751.4714026,772,747
1687005751.4870143,829,751
1687005751.502045,829,751
1687005751.5182693,846,754
1687005751.5341337,846,754
1687005751.55038,859,757
1687005751.565633,859,757
1687005751.581843,878,759
1687005751.597585,878,759
1687005751.6129305,878,759
1687005751.628737,957,749
1687005751.644074,957,749
1687005751.6602802,1018,744
1687005751.6763403,1018,744
1687005751.6915755,1066,744
1687005751.7071822,1066,744
1687005751.7223501,1087,742
1687005751.7377162,1087,742
1687005751.7538695,1147,732
1687005751.76921,1147,732
1687005751.7851899,1393,718
1687005751.8003137,1393,718
1687005751.815723,1393,718
1687005751.8313954,1437,710
1687005751.8465047,1437,710
1687005751.8618789,1484,708
1687005751.877364,1484,708
1687005751.8925502,1529,707
1687005751.9079378,1529,707
1687005751.9234717,1555,705
1687005751.9388576,1555,705
1687005751.9548063,1569,705
1687005751.9700034,1569,705
1687005751.9852629,1577,704
1687005752.001174,1577,704
1687005752.0171764,1592,696
1687005752.0333366,1592,696
1687005752.0484133,1592,696
1687005752.0640671,1595,690
1687005752.0793855,1595,690
1687005752.0948527,1604,680
1687005752.1105387,1604,680
1687005752.1260724,1650,660
1687005752.1412418,1650,660
1687005752.156145,1690,649
1687005752.171333,1690,649
1687005752.1869113,1721,646
1687005752.2029967,1721,646
1687005752.218114,1875,640
1687005752.2336283,1875,640
1687005752.2492008,1875,640
1687005752.2648842,1949,629
1687005752.2806568,2011,618
1687005752.2960715,2011,618
1687005752.3118308,2011,618
1687005752.3266797,2032,606
1687005752.3419983,2032,606
1687005752.3572695,2042,599
1687005752.373382,2042,599
1687005752.3895628,2048,596
1687005752.4051943,2048,596
1687005752.420743,2069,587
1687005752.4364498,2069,587
1687005752.4520428,2069,587
1687005752.4669688,2161,579
1687005752.4823813,2204,571
1687005752.4976742,2204,571
1687005752.512971,2204,571
1687005752.5288467,2260,562
1687005752.5436018,2260,562
1687005752.559007,2292,559
1687005752.5750892,2292,559
1687005752.5915163,2356,548
1687005752.6068387,2356,548
1687005752.6222656,2396,543
1687005752.6378706,2396,543
1687005752.653068,2415,540
1687005752.6687799,2415,540
1687005752.6837633,2415,540
1687005752.699454,2425,537
1687005752.7152333,2425,537
1687005752.7312996,2425,536
1687005752.7465024,2425,536
1687005752.7619298,1488,620
1687005752.7770624,1488,620
1687005752.7922966,1052,666
1687005752.8080566,1052,666
1687005752.824466,990,677
1687005752.8397639,990,677
1687005752.8556397,935,708
1687005752.8715897,935,708
1687005752.8867335,908,721
1687005752.9027443,908,721
1687005752.918965,894,736
1687005752.9344206,894,736
1687005752.9500659,846,750
1687005752.9652798,846,750
1687005752.980887,802,757
1687005752.996706,802,757
1687005753.0119584,802,757
1687005753.0271935,810,760
1687005753.0429533,810,760
1687005753.0590758,922,771
1687005753.0742292,1083,770
1687005753.0902185,1083,770
1687005753.1062288,1083,770
1687005753.1216888,1083,770
1687005753.137648,1083,770
1687005753.153603,1173,775
1687005753.1695807,1215,778
1687005753.1849806,1258,776
1687005753.20013,1258,776
1687005753.2153723,1284,775
1687005753.2310984,1284,775
1687005753.2465472,1284,775
1687005753.2625515,1354,781
1687005753.2786157,1354,781
1687005753.2937438,1460,775
1687005753.309761,1460,775
1687005753.3253527,1507,770
1687005753.3413622,1507,770
1687005753.3573117,1518,772
1687005753.373305,1518,772
1687005753.3887098,1532,771
1687005753.4042294,1532,771
1687005753.419779,1670,755
1687005753.4350069,1670,755
1687005753.450454,1737,737
1687005753.4663017,1737,737
1687005753.4820447,1788,713
1687005753.4972935,1788,713
1687005753.5127385,1811,703
1687005753.5283072,1811,703
1687005753.5444906,1811,703
1687005753.5598052,1841,689
1687005753.575809,1841,689
1687005753.591984,1850,683
1687005753.6076062,1850,683
1687005753.6231928,1850,683
1687005753.6390133,1858,678
1687005753.6549876,1883,665
1687005753.6698954,1883,665
1687005753.6860619,1909,659
1687005753.701424,1909,659
1687005753.7174225,1926,659
1687005753.7328107,1926,659
1687005753.747645,1939,662
1687005753.7631764,1939,662
1687005753.7789955,1939,662
1687005753.7950659,1965,667
1687005753.8105845,1965,667
1687005753.8267095,1966,667
1687005753.8419344,1966,667
1687005753.857126,1860,739
1687005753.8722253,1860,739
1687005753.887775,1708,762
1687005753.9034028,1708,762
1687005753.9196777,1632,774
1687005753.9346745,1632,774
1687005753.950539,1575,803
1687005753.9665823,1575,803
1687005753.9820077,1575,803
1687005753.9970455,1552,825
1687005754.0126102,1552,825
1687005754.0288322,1525,867
1687005754.0439,1525,867
1687005754.0599477,856,1021
1687005754.075883,856,1021
1687005754.091405,628,1051
1687005754.1074219,628,1051
1687005754.1232052,628,1051
1687005754.1382337,586,1059
1687005754.153781,530,1063
1687005754.1685069,530,1063
1687005754.1841679,515,1063
1687005754.1991613,515,1063
1687005754.2145233,515,1063
1687005754.230803,475,1078
1687005754.2462432,475,1078
1687005754.2616568,403,1092
1687005754.2763429,403,1092
1687005754.2927597,369,1100
1687005754.3076618,369,1100
1687005754.3232396,340,1101
1687005754.3385546,340,1101
1687005754.3543353,317,1101
1687005754.3693416,317,1101
1687005754.3849356,317,1103
1687005754.400467,317,1103
1687005754.415547,325,1104
1687005754.4308872,325,1104
1687005754.4465191,325,1104
1687005754.4624221,356,1108
1687005754.478012,356,1108
1687005754.4931417,428,1112
1687005754.5083392,428,1112
1687005754.523745,459,1114
1687005754.539281,459,1114
1687005754.5546746,485,1115
1687005754.57004,485,1115
1687005754.586265,550,1124
1687005754.6021845,550,1124
1687005754.6185725,741,1136
1687005754.633863,741,1136
1687005754.6493084,817,1138
1687005754.6651957,817,1138
1687005754.6808841,842,1140
1687005754.696792,842,1140
1687005754.7129333,863,1141
1687005754.7283933,863,1141
1687005754.743774,863,1141
1687005754.7591724,867,1141
1687005754.7753353,867,1141
1687005754.7906828,1035,1145
1687005754.8062387,1035,1145
1687005754.8224952,1192,1132
1687005754.837854,1192,1132
1687005754.8532612,1263,1129
1687005754.8689318,1263,1129
1687005754.8846912,1295,1122
1687005754.900779,1295,1122
1687005754.916782,1314,1119
1687005754.9317493,1314,1119
1687005754.9478383,1330,1117
1687005754.9632738,1330,1117
1687005754.9787467,1330,1117
1687005754.9940329,1337,1115
1687005755.0093546,1337,1115
1687005755.025023,1342,1113
1687005755.040884,1342,1113
1687005755.0565836,1343,1112
1687005755.072419,1343,1112
1687005755.0881047,1346,1113
1687005755.103528,1346,1113
1687005755.1193936,1402,1111
1687005755.1352797,1402,1111
1687005755.150632,1454,1106
1687005755.1670022,1454,1106
1687005755.1819117,1454,1106
1687005755.1981072,1516,1099
1687005755.2136312,1516,1099
1687005755.2288988,1546,1095
1687005755.244304,1546,1095
1687005755.259855,1567,1094
1687005755.2751982,1567,1094
1687005755.2906964,1584,1090
1687005755.306884,1584,1090
1687005755.3226528,1598,1086
1687005755.338737,1598,1086
1687005755.3546944,1602,1085
1687005755.3700292,1602,1085
1687005755.3860028,1642,1086
1687005755.4010384,1642,1086
1687005755.4161263,1642,1086
1687005755.4316497,1706,1084
1687005755.447604,1706,1084
1687005755.4629617,1760,1068
1687005755.478981,1760,1068
1687005755.4947612,1787,1056
1687005755.5099032,1787,1056
1687005755.526144,1804,1048
1687005755.541936,1804,1048
1687005755.557851,1826,1036
1687005755.573362,1826,1036
1687005755.5894547,1826,1036
1687005755.6054008,1807,985
1687005755.6208897,1419,799
1687005755.6365411,1419,799
1687005755.6517673,1368,763
1687005755.6673357,1368,763
1687005755.6821365,1368,763
1687005755.6982174,1321,722
1687005755.7144315,1321,722
1687005755.7304404,1289,683
1687005755.7462003,1289,683
1687005755.7615025,1269,663
1687005755.7769477,1269,663
1687005755.7932382,1262,656
1687005755.808349,1262,656
1687005755.8247755,1255,649
1687005755.840561,1255,649
1687005755.8565717,1051,644
1687005755.8718305,1051,644
1687005755.8874588,959,658
1687005755.9027061,959,658
1687005755.9181392,908,669
1687005755.933437,908,669
1687005755.9491913,895,672
1687005755.964523,895,672
1687005755.979913,895,672
1687005755.9955933,881,674
1687005756.0112762,881,674
1687005756.0275123,866,675
1687005756.043097,866,675
1687005756.0592666,856,678
1687005756.0748358,856,678
1687005756.0905733,841,678
1687005756.106686,841,678
1687005756.1223094,836,679
1687005756.1373115,836,679
1687005756.15272,835,682
1687005756.1684072,835,682
1687005756.1841207,958,803
1687005756.199576,958,803
1687005756.2150645,1069,912
1687005756.230193,1069,912
1687005756.245169,1069,912
1687005756.2604537,1124,965
1687005756.275997,1124,965
1687005756.291391,1155,990
1687005756.307193,1155,990
1687005756.3230443,1189,1010
1687005756.3383908,1189,1010
1687005756.353756,1220,1042
1687005756.3696,1220,1042
1687005756.3860059,1232,1056
1687005756.4014447,1232,1056
1687005756.4170825,1351,1075
1687005756.4325993,1351,1075
1687005756.4477246,1351,1075
1687005756.4636383,1417,1071
1687005756.4796681,1462,1070
1687005756.4953823,1462,1070
1687005756.5114172,1462,1070
1687005756.5273445,1491,1068
1687005756.543352,1491,1068
1687005756.5593588,1508,1068
1687005756.575428,1508,1068
1687005756.5910416,1628,1063
1687005756.6069283,1628,1063
1687005756.6229017,1682,1057
1687005756.6388104,1682,1057
1687005756.6538088,1712,1052
1687005756.668998,1712,1052
1687005756.6848974,1748,1044
1687005756.700863,1748,1044
1687005756.7160528,1767,1038
1687005756.7320528,1767,1038
1687005756.747236,1767,1038
1687005756.763221,1782,1033
1687005756.778348,1791,1026
1687005756.793995,1791,1026
1687005756.8100903,1791,1026
1687005756.8261068,1797,1023
1687005756.8419104,1797,1023
1687005756.8579428,1902,1017
1687005756.8731537,1902,1017
1687005756.889123,2032,1015
1687005756.9042354,2032,1015
1687005756.9203517,2093,996
1687005756.9362228,2093,996
1687005756.9514818,2144,986
1687005756.9668736,2144,986
1687005756.9824395,2144,986
1687005756.9975882,2169,981
1687005757.0128238,2169,981
1687005757.0281782,2192,980
1687005757.0434163,2192,980
1687005757.0594656,2201,981
1687005757.0753782,2201,981
1687005757.0913959,2210,979
1687005757.1064389,2210,979
1687005757.1226368,2217,976
1687005757.1374226,2217,976
1687005757.1524115,2264,980
1687005757.1683056,2264,980
1687005757.1841464,2301,982
1687005757.199554,2301,982
1687005757.2142134,2301,982
1687005757.2291074,2328,985
1687005757.2447476,2328,985
1687005757.2607574,2347,991
1687005757.2758348,2347,991
1687005757.2920275,2385,994
1687005757.3070638,2385,994
1687005757.3232553,2449,1001
1687005757.3385978,2449,1001
1687005757.3535905,2485,1001
1687005757.369173,2485,1001
1687005757.3850906,2510,998
1687005757.400228,2510,998
1687005757.416166,2510,998
1687005757.432181,2540,998
1687005757.4474897,2540,998
1687005757.4633806,2563,998
1687005757.4787514,2563,998
1687005757.4947488,2493,996
1687005757.5103576,2493,996
1687005757.5257475,1190,1051
1687005757.5419257,1190,1051
1687005757.557058,499,1096
1687005757.572241,499,1096
1687005757.5873823,469,1100
1687005757.6025522,469,1100
1687005757.617742,429,1109
1687005757.6332157,429,1109
1687005757.6485767,429,1109
1687005757.663442,406,1121
1687005757.6791203,406,1121
1687005757.6944835,377,1137
1687005757.709873,377,1137
1687005757.7262003,301,1153
1687005757.7414274,301,1153
1687005757.757839,244,1165
1687005757.7734308,244,1165
1687005757.7889218,214,1174
1687005757.804402,214,1174
1687005757.8200595,218,1177
1687005757.8356292,218,1177
1687005757.8515196,244,1181
1687005757.867069,244,1181
1687005757.8828769,291,1185
1687005757.8984933,291,1185
1687005757.91481,346,1188
1687005757.9306762,346,1188
1687005757.9456031,346,1188
1687005757.9617782,392,1189
1687005757.9770322,392,1189
1687005757.993144,415,1188
1687005758.0080602,415,1188
1687005758.023844,425,1189
1687005758.0400956,425,1189
1687005758.0555646,432,1186
1687005758.0705717,432,1186
1687005758.0859292,595,1187
1687005758.1010637,595,1187
1687005758.116832,710,1193
1687005758.1319776,710,1193
1687005758.1479435,753,1199
1687005758.1639645,753,1199
1687005758.180345,777,1210
1687005758.1954079,777,1210
1687005758.2113576,777,1210
1687005758.2269342,801,1219
1687005758.2429414,801,1219
1687005758.2586317,818,1223
1687005758.2742145,818,1223
1687005758.2899575,831,1225
1687005758.3057394,831,1225
1687005758.32123,882,1227
1687005758.3367534,882,1227
1687005758.3523402,926,1227
1687005758.3677237,926,1227
1687005758.3838856,963,1226
1687005758.3995447,963,1226
1687005758.4147565,963,1226
1687005758.4305627,999,1227
1687005758.4458187,999,1227
1687005758.461982,1222,1233
1687005758.4773932,1222,1233
1687005758.4934568,1320,1222
1687005758.5090423,1320,1222
1687005758.5246913,1353,1214
1687005758.5398984,1353,1214
1687005758.5563526,1388,1209
1687005758.572114,1388,1209
1687005758.587827,1416,1208
1687005758.6029599,1416,1208
1687005758.6182203,1428,1205
1687005758.6336517,1428,1205
1687005758.6497293,1428,1205
1687005758.66511,1536,1201
1687005758.6806705,1536,1201
1687005758.6959507,1582,1194
1687005758.7114875,1582,1194
1687005758.7272172,1632,1189
1687005758.7426283,1632,1189
1687005758.7578557,1661,1181
1687005758.7729928,1661,1181
1687005758.7890432,1679,1177
1687005758.8040633,1679,1177
1687005758.8203266,1693,1177
1687005758.8357384,1693,1177
1687005758.8513546,1700,1177
1687005758.8665984,1700,1177
1687005758.8819854,1700,1177
1687005758.8973258,1740,1171
1687005758.913253,1740,1171
1687005758.9293592,1783,1174
1687005758.9447196,1783,1174
1687005758.9612257,1819,1176
1687005758.9761696,1819,1176
1687005758.9921794,1834,1177
1687005759.0072935,1834,1177
1687005759.0230372,1920,1172
1687005759.0383315,1920,1172
1687005759.0542438,1997,1173
1687005759.0692503,1997,1173
1687005759.084581,2105,1171
1687005759.0997102,2105,1171
1687005759.114952,2105,1171
1687005759.130405,2159,1165
1687005759.145547,2159,1165
1687005759.1614225,2171,1162
1687005759.1767933,2171,1162
1687005759.1929662,2177,1158
1687005759.2084122,2177,1158
1687005759.2240589,2185,1153
1687005759.2400613,2185,1153
1687005759.2552927,2253,1145
1687005759.2709699,2253,1145
1687005759.286148,2315,1143
1687005759.3018663,2315,1143
1687005759.318101,2358,1141
1687005759.333346,2358,1141
1687005759.348773,2358,1141
1687005759.3641272,2376,1137
1687005759.3801627,2376,1137
1687005759.3961968,2391,1131
1687005759.4121795,2391,1131
1687005759.4276652,2338,1123
1687005759.4431336,2338,1123
1687005759.4586139,1062,1124
1687005759.4737816,1062,1124
1687005759.4895525,473,1188
1687005759.505307,473,1188
1687005759.5214689,443,1194
1687005759.5362444,443,1194
1687005759.5516047,422,1207
1687005759.5666711,422,1207
1687005759.5828915,413,1213
1687005759.5978935,413,1213
1687005759.6134431,413,1213
1687005759.6286628,404,1222
1687005759.6442554,404,1222
1687005759.6595721,381,1230
1687005759.6754286,381,1230
1687005759.691047,303,1237
1687005759.7065248,303,1237
1687005759.721765,251,1240
1687005759.737445,251,1240
1687005759.7531235,199,1239
1687005759.7684264,199,1239
1687005759.7837222,200,1239
1687005759.7995558,200,1239
1687005759.8149548,200,1239
1687005759.8306546,213,1242
1687005759.8458395,213,1242
1687005759.8618572,266,1248
1687005759.8779569,266,1248
1687005759.893601,346,1253
1687005759.9096,346,1253
1687005759.924541,402,1252
1687005759.939781,402,1252
1687005759.9552813,433,1250
1687005759.971269,433,1250
1687005759.9864132,484,1252
1687005760.0019407,484,1252
1687005760.0169432,548,1260
1687005760.0329409,548,1260
1687005760.048945,548,1260
1687005760.0649447,603,1272
1687005760.0811589,603,1272
1687005760.0963163,633,1275
1687005760.1113124,633,1275
1687005760.127294,654,1275
1687005760.1429772,654,1275
1687005760.1586,682,1276
1687005760.174604,682,1276
1687005760.1901126,793,1282
1687005760.205265,793,1282
1687005760.221372,877,1273
1687005760.2366724,877,1273
1687005760.2517939,934,1268
1687005760.2671685,934,1268
1687005760.2832284,971,1265
1687005760.2984629,971,1265
1687005760.3144152,971,1265
1687005760.3305483,985,1266
1687005760.3458207,985,1266
1687005760.3610213,1022,1267
1687005760.3767517,1022,1267
1687005760.392799,1087,1273
1687005760.407836,1087,1273
1687005760.4236748,1156,1277
1687005760.4389079,1156,1277
1687005760.455293,1186,1279
1687005760.4699667,1186,1279
1687005760.4855235,1202,1282
1687005760.5009706,1202,1282
1687005760.51741,1218,1281
1687005760.5327935,1218,1281
1687005760.5484078,1417,1267
1687005760.5644832,1417,1267
1687005760.5797107,1417,1267
1687005760.5952942,1495,1253
1687005760.6107564,1495,1253
1687005760.627004,1557,1248
1687005760.6421776,1557,1248
1687005760.6576538,1593,1246
1687005760.673125,1593,1246
1687005760.6887739,1614,1239
1687005760.70445,1614,1239
1687005760.7201552,1626,1234
1687005760.7363257,1626,1234
1687005760.7515013,1658,1234
1687005760.767193,1658,1234
1687005760.7834308,1729,1227
1687005760.7986171,1729,1227
1687005760.8136516,1792,1223
1687005760.8292985,1792,1223
1687005760.8445284,1792,1223
1687005760.860763,1839,1224
1687005760.876304,1839,1224
1687005760.892335,1883,1224
1687005760.9076962,1883,1224
1687005760.9228592,1922,1225
1687005760.9386888,1922,1225
1687005760.9541078,2086,1216
1687005760.9696364,2086,1216
1687005760.9852188,2146,1209
1687005761.0008013,2146,1209
1687005761.016371,2193,1212
1687005761.031643,2193,1212
1687005761.0467148,2193,1212
1687005761.0617516,2223,1211
1687005761.0773678,2223,1211
1687005761.0926032,2236,1209
1687005761.1082752,2236,1209
1687005761.124435,2260,1207
1687005761.1400392,2260,1207
1687005761.1552858,2316,1203
1687005761.1709616,2316,1203
1687005761.1868775,2387,1198
1687005761.2022042,2387,1198
1687005761.218734,2387,1198
1687005761.2336597,2423,1188
1687005761.2491765,2423,1188
1687005761.2641582,2450,1182
1687005761.2803159,2450,1182
1687005761.2957811,2482,1179
1687005761.3114488,2482,1179
1687005761.3274162,2504,1182
1687005761.3424337,2504,1182
1687005761.3586571,2532,1182
1687005761.3741753,2532,1182
1687005761.3895059,2554,1175
1687005761.4057288,2554,1175
1687005761.4209082,2564,1174
1687005761.4362597,2564,1174
1687005761.4514766,2572,1173
1687005761.467203,2572,1173
1687005761.481879,2572,1173
1687005761.4978664,2583,1176
1687005761.513568,2583,1176
1687005761.529398,2595,1181
1687005761.5452788,2595,1181
1687005761.5607684,2603,1185
1687005761.5760248,2603,1185
1687005761.5913675,2613,1191
1687005761.6067102,2613,1191
1687005761.6230392,2625,1196
1687005761.6383736,2625,1196
1687005761.654742,2636,1198
1687005761.6704407,2636,1198
1687005761.6859977,2648,1202
1687005761.701494,2648,1202
1687005761.717671,2648,1202
1687005761.7335396,2653,1204
1687005761.748555,2653,1204
1687005761.7644997,2222,1160
1687005761.779696,2222,1160
1687005761.7948723,2222,1160
1687005761.810697,1709,1142
1687005761.8261309,1602,1156
1687005761.8417737,1602,1156
1687005761.8576913,1553,1163
1687005761.873351,1553,1163
1687005761.8885398,1515,1167
1687005761.9036746,1515,1167
1687005761.920102,1484,1170
1687005761.9353824,1484,1170
1687005761.951676,1463,1174
1687005761.9670005,1463,1174
1687005761.9819121,1463,1174
1687005761.997254,1446,1176
1687005762.0131786,1446,1176
1687005762.0284643,1436,1177
1687005762.0438418,1436,1177
1687005762.06026,1426,1181
1687005762.0755374,1426,1181
1687005762.0916216,1408,1188
1687005762.1070294,1408,1188
1687005762.1229818,1385,1204
1687005762.138286,1385,1204
1687005762.1547287,1367,1220
1687005762.1698077,1367,1220
1687005762.185691,756,1330
1687005762.2016356,756,1330
1687005762.2167852,596,1355
1687005762.2327561,596,1355
1687005762.2486246,569,1363
1687005762.2637997,569,1363
1687005762.2802353,539,1362
1687005762.2957423,539,1362
1687005762.310941,539,1362
1687005762.3262885,539,1362
1687005762.3416467,518,1360
1687005762.3568888,518,1360
1687005762.3722265,505,1358
1687005762.3878756,495,1358
1687005762.402876,495,1358
1687005762.4184573,494,1357
1687005762.4338763,494,1357
1687005762.4495225,495,1356
1687005762.464965,495,1356
1687005762.480097,499,1355
1687005762.495236,499,1355
1687005762.5107367,499,1355
1687005762.5259218,502,1352
1687005762.5414147,502,1352
1687005762.5578337,507,1351
1687005762.5733576,507,1351
1687005762.588574,537,1357
1687005762.6039448,537,1357
1687005762.6191916,537,1357
1687005762.6346679,690,1375
1687005762.6501346,797,1384
1687005762.6656048,797,1384
1687005762.6809893,834,1388
1687005762.6965506,834,1388
1687005762.7119946,834,1388
1687005762.7282703,871,1389
1687005762.7433014,871,1389
1687005762.7595882,890,1393
1687005762.77471,890,1393
1687005762.790568,899,1393
1687005762.8063793,899,1393
1687005762.822296,908,1392
1687005762.837367,908,1392
1687005762.8530233,1042,1388
1687005762.8681355,1042,1388
1687005762.8839302,1179,1390
1687005762.8991618,1179,1390
1687005762.9142756,1179,1390
1687005762.9295137,1264,1392
1687005762.944846,1264,1392
1687005762.9604049,1321,1389
1687005762.975677,1321,1389
1687005762.9908524,1377,1379
1687005763.006272,1377,1379
1687005763.0220382,1399,1376
1687005763.037177,1399,1376
1687005763.0527172,1431,1370
1687005763.0678933,1431,1370
1687005763.0836577,1431,1370
1687005763.0991502,1596,1344
1687005763.1147816,1596,1344
1687005763.129728,1636,1346
1687005763.144986,1636,1346
1687005763.1605952,1674,1342
1687005763.1765275,1674,1342
1687005763.1916783,1696,1334
1687005763.206944,1696,1334
1687005763.2223237,1708,1331
1687005763.2383072,1708,1331
1687005763.2539186,1801,1336
1687005763.269359,1801,1336
1687005763.2853382,1934,1332
1687005763.301009,1934,1332
1687005763.316843,2017,1324
1687005763.3320653,2017,1324
1687005763.3478348,2038,1319
1687005763.3633065,2038,1319
1687005763.378884,2043,1317
1687005763.3942,2043,1317
1687005763.4097729,2043,1317
1687005763.425886,2048,1314
1687005763.441801,2048,1314
1687005763.457226,2049,1312
1687005763.473244,2049,1312
1687005763.4885137,1811,1222
1687005763.5040343,1811,1222
1687005763.5200202,1695,1158
1687005763.536036,1695,1158
1687005763.552034,1619,1105
1687005763.5680308,1619,1105
1687005763.584022,1619,1105
1687005763.6001136,1579,1072
1687005763.616114,1579,1072
1687005763.6318133,1522,1043
1687005763.6470492,1522,1043
1687005763.6630492,1495,1033
1687005763.6790824,1495,1033
1687005763.695062,1488,1029
1687005763.7103796,1488,1029
1687005763.7253778,1483,1027
1687005763.7413976,1483,1027
1687005763.7573824,1474,1022
1687005763.7733774,1474,1022
1687005763.7887247,1466,1017
1687005763.8042462,1466,1017
1687005763.8190303,1459,1015
1687005763.8350017,1459,1015
1687005763.850574,1451,1012
1687005763.8658993,1451,1012
1687005763.8810766,1451,1012
1687005763.897179,1442,1007
1687005763.91281,1442,1007
1687005763.9283667,1431,1003
1687005763.9439528,1431,1003
1687005763.9601526,1415,1000
1687005763.9762552,1415,1000
1687005763.9917095,1407,1001
1687005764.0066764,1407,1001
1687005764.0230849,1404,1000
1687005764.0384312,1404,1000
1687005764.0543404,1402,1002
1687005764.0698528,1402,1002
1687005764.0853446,1402,1002
1687005764.10101,1399,1005
1687005764.1163206,1398,1006
1687005764.1316073,1398,1006
1687005764.1477323,1398,1006
1687005764.1637504,1398,1007
1687005764.1790116,1398,1007
1687005764.1942701,1398,1008
1687005764.2103932,1398,1008
1687005764.226218,1398,1008
1687005764.241266,1398,1008
1687005764.2571802,1398,1009
1687005764.2732718,1398,1009
1687005764.288626,1398,1011
1687005764.3042767,1398,1011
1687005764.3197896,1398,1013
1687005764.3351617,1398,1013
1687005764.3511236,1400,1017
1687005764.3670015,1400,1017
1687005764.3823783,1400,1017
1687005764.3990428,1404,1020
1687005764.4147246,1407,1023
1687005764.4305449,1407,1023
1687005764.4452455,1407,1023
1687005764.4612339,1407,1024
1687005764.4769163,1407,1024
1687005764.491967,1408,1025
1687005764.5077627,1408,1025
1687005764.5232985,1410,1027
1687005764.5393164,1410,1027
1687005764.5548236,1410,1028
1687005764.5706651,1410,1028
1687005764.5859828,1411,1029
1687005764.6020586,1411,1029
1687005764.6168962,1412,1030
1687005764.6324167,1412,1030
1687005764.6483955,1413,1031
1687005764.6643414,1413,1031
1687005764.680039,1413,1031
